ID,Sequences,Category
0,RRGRTGRNPNRVGD,AVP
1,KKKKVVAALYVLF,AVP
2,MSTNPKPQRKTKRNTNDRPQDV,AVP
4,FRYGNQMCHMKHRKTNFTSFQR,AVP
5,AAMRSY,AVP
6,NRRRQPRGDVA,AVP
7,KKKKVPAATYKKVA,AVP
8,RDISVNIYNSIKENQCN,AVP
9,GYPEIQKAISNIKENKCNGTDA,AVP
10,GELGRLVYLLDGPGYDPIHCDV,AVP
11,RRGSLGIYRFPGGTNLTHCL,AVP
13,RRGRIGRYPCNVTG,AVP
14,KKKKVVAATYKKVAA,AVP
16,KKKKVVAFAYVLF,AVP
17,KKRKLAAPAVLGLA,AVP
18,RRGRVGRIGNPNQFGDI,AVP
19,HCSLFKDF,AVP
20,KKKKVVAATTKKVA,AVP
21,KKKKVVAKTYVLF,AVP
22,TQQPQRAHKGPWASQI,AVP
24,KKKKLVLPFLYFF,AVP
25,RTIKWNSQVKGGLYQ,AVP
26,KKKKVLLALYVLV,AVP
27,NQAGDVVGRVQYLLSCVYA,AVP
29,KKKKVVAAGTVLV,AVP
30,GLLDVPGGAVVNGGYATHGL,AVP
32,DDSVCCFAMSYSPDS,AVP
33,KKKKVLLKFLFFV,AVP
34,RTGRGRPGIYR,AVP
36,AKKKVVAATYALV,AVP
37,NQVKNGVQIVGGIVL,AVP
38,KKKKVVAATNVLG,AVP
39,NLCVRLGGIILSPVVLL,AVP
41,KKKKTVAATYVLG,AVP
43,KKKKTTAATYVLV,AVP
44,KKKKVVFTTYKKVA,AVP
45,RNINQYGDFQGDMMYY,AVP
46,GARRSSGR,AVP
47,DVKFPGGGQIVGGV,AVP
48,ADLEVVAATYVDFD,AVP
49,ADLEVVAATYVLVK,AVP
50,RTGRGGRRGIYR,AVP
51,KKKKVVAATLVDG,AVP
53,KKKKVVLPFLFVF,AVP
54,DDSVVTAMSYSFA,AVP
55,KKKKVVKATTVLV,AVP
56,DDDEVVAATYVSDA,AVP
57,RTSRPQVCRGRTRIGQRVHFY,AVP
58,RRGRISLGV,AVP
59,GTCVRRGRCGTGVCRVCYITRC,AVP
60,KKKKVVLPFLKFF,AVP
61,STQRRGRTGGKRGPGR,AVP
62,KDLKVVATTVVLV,AVP
64,KKKKVVAATYAAV,AVP
66,GIADSLGNVAKELAPYVVDKVA,AVP
67,KKKKLVAATYVLT,AVP
68,KKKKLVAAFYFFF,AVP
69,CYYTRTGC,AVP
70,KKKKLLLPFLVAV,AVP
71,RIGNIVRVGIWNPGALA,AVP
72,AAQRRTVRRGRIGRNPSQVGD,AVP
73,RGSIHGV,AVP
74,KKKKVPAAALVLV,AVP
76,KKKKAVAATYVDV,AVP
77,YKKKICCN,AVP
78,GSLGYLVHAVYGDASHCVLTLA,AVP
79,KKKKLLLPFLLFF,AVP
80,CQDKTNIC,AVP
82,AAKRRGRIGRNPNQVGD,AVP
83,MSTNPKPQRKTKRNTNRRPQDV,AVP
84,RTQRKTCQDGQWPPGYGY,AVP
85,SKKRVLAGAA,AVP
86,ADLEVVAATHVDGD,AVP
87,KKKKLVAATLVLF,AVP
88,GRPVDFQVGIGN,AVP
89,KKKKLVLATYVLF,AVP
90,EAIIRIPQELRDIK,AVP
91,NDVSF,AVP
92,KKKKLVLPFLFFFA,AVP
93,YKKKRSLGHLFNLVKFLASMAY,AVP
94,VALDPIDISIELNKAKSDLEES,AVP
95,KKKKLVLKTLVLV,AVP
96,HCSLTYTTTNILGD,AVP
97,KKKKVPAALYVLG,AVP
98,QDRAVKLDHLVYPRYM,AVP
99,KKKKLLLPFLFLVA,AVP
100,SVSCIYACFLGAGCIEVGACYD,AVP
101,GLPSCVFIVGRIPACTPHLLYN,AVP
102,GKRKICC,AVP
103,KKKKLVLATYVFV,AVP
104,DDSVVSAMMSYSYA,AVP
106,KKKKVVLFTYFLV,AVP
107,CGGRTKIC,AVP
108,KKKKVEAFTYVLV,AVP
109,ADLEVVSATYVKKKG,AVP
110,GICRCICGGICGRPCICGRIIG,AVP
111,KKKKVVAATYKAVK,AVP
112,AELDRLVYLLDGPGYDPIHCDV,AVP
113,LNRRDLDA,AVP
114,HCKYATNDALIFTV,AVP
115,KKKKVVLATYKKKK,AVP
116,KKKKLFLPFLFLF,AVP
117,KKKKVLLPFYVFF,AVP
118,KKKKVFAATYVLG,AVP
119,KKKKVVAATGKKVA,AVP
120,HAIASTNPAMLISV,AVP
121,KKKKPVAATYVLF,AVP
123,GKRKSGVAA,AVP
124,CPKHKKC,AVP
125,KKKKPVAAFYVLV,AVP
126,GGRLKS,AVP
127,DRSPRGGQHRIDA,AVP
128,KKKKVEAATTVAVA,AVP
129,YTMLVDLLVT,AVP
130,RTTKRRRRG,AVP
131,YRRKK,AVP
132,KKKKVFLATYFLF,AVP
133,KKKKVLAAFYVAV,AVP
134,GELGRLVYLEDLGYPDVGGNGA,AVP
135,KKKKCVAAFYVLV,AVP
136,CQSLTPGC,AVP
138,VEFDELIGWTADVALAELIKYQ,AVP
139,RTGRGRGIYR,AVP
140,KKKKVVATEYVLV,AVP
141,KRKAVALLKAVL,AVP
143,GSTRRGKTGGTNSSF,AVP
144,KKRKVAAPLLAF,AVP
145,ADLEVVAATRVDAD,AVP
146,KKKKVVLPFYVLF,AVP
147,KKKKVATTYVLV,AVP
148,KKKKVVAEEEVKF,AVP
149,AKLKVVAATYVFVK,AVP
150,TDVILACSAIDSPDSLENI,AVP
151,KKKKVVAAFKVLV,AVP
152,MSTNPKPQRKTKRNTERRPQDV,AVP
153,GELDELVELLSGPQYLMYFDFT,AVP
154,GELGRLVYLLDGPGHDPIHCSV,AVP
155,KKKKVVAATYKLG,AVP
156,CFGKRKSC,AVP
158,KKKKVVLAFYFLF,AVP
159,ANLSVQVKININQILGFNKS,AVP
160,RTGRPGRQKVQD,AVP
161,NDVSFHEEIGMKKFGYKGELDE,AVP
162,STTCATRTGGTCRTCTRGTCYS,AVP
163,RGGRTKRCTRNRPGVIGR,AVP
164,ADLEVVAATYAKKK,AVP
165,RTGRGRGHRIYRI,AVP
166,KKKKLVAETYVLV,AVP
167,RRKKAAVALLKAVALALLAP,AVP
168,RRGRWGRGIYR,AVP
169,AGDPPCGVSCPNTPCLAAGCSC,AVP
170,CRYQSSCC,AVP
171,EMTWEEWEKKIEEYTKKIEEIL,AVP
172,TKKKR,AVP
173,YKGATLDV,AVP
174,KKKKVFLAFYVLV,AVP
175,AFDLEYEMKKLEEAIKKLEESY,AVP
176,VDMRYIDASVYGIDD,AVP
177,RIGRWGRNPSQVGD,AVP
178,KKKKLLAATLFFF,AVP
179,KKKKVVAAFYVLG,AVP
180,KKKKVVAGTYVLF,AVP
181,NTQSVVNIQKEIDRLNEVAKNL,AVP
182,LGRPSQVGN,AVP
183,KKKKVFLKTYVFV,AVP
184,NHITWNTTLNNSVAIDRLNEVA,AVP
185,TSFIALLIYVARLAVNPSVVGN,AVP
186,KKKKVVAATAVLG,AVP
187,KKKKVVAAT,AVP
188,KKKKVVLPFLVFF,AVP
189,GGRRKSMY,AVP
190,RGIYRMKKG,AVP
191,KKKKLVLPFLFLF,AVP
192,RGLGRLCRCLCERCQG,AVP
193,CGKRKY,AVP
194,RRGR,AVP
195,KKKKVPAATYAFEL,AVP
196,KKKKLLAFFLFFF,AVP
197,ADLEVVAATYAAKAA,AVP
198,RGILSCAGCA,AVP
199,ADLEVVAATYAL,AVP
200,EACDVITNDAAVSVVTV,AVP
201,KKKKVVTPTYKKKK,AVP
202,KKKKVVAFFYVLV,AVP
203,KKKKVVAGFEVLV,AVP
204,RRTKKVLLALLA,AVP
205,NEQRRDVNQAEDGVYCSIALYL,AVP
206,GKRKSGAYA,AVP
207,AAQRRGR,AVP
208,KIPACSTKTLNTCSTLTYACMN,AVP
209,CGGKGLC,AVP
211,KKKKLVLAFYFFF,AVP
212,KRRR,AVP
213,KKKKVLLATYFLV,AVP
214,KKKKVVKATYVLG,AVP
215,HCIYATTNDALSFSNV,AVP
216,SVCGRCVCRRGGCGVCGVCVGV,AVP
217,DDDEVVAATYVLVD,AVP
218,GELGRPVYIMGRIPSV,AVP
220,HCSLLAYGDCNATVFIVG,AVP
221,KKKKVLAFFYVLV,AVP
222,KKKKPVAALYVLV,AVP
223,KKKKFVLATYFLV,AVP
224,KKKKLVLPFLLVF,AVP
227,EAKCLGTNAAKADPLF,AVP
228,KKKKVVAANYVLFA,AVP
230,KKKKLLLPFLFVF,AVP
231,KKKKLLLP,AVP
232,TCAWAKK,AVP
233,GELGRPVYVLGDPGYYATHVLT,AVP
234,KKKKLLLPFLLVF,AVP
235,KKKKVTLATYVLV,AVP
236,DEMEECAYYTAHDC,AVP
237,YARHVQLVD,AVP
238,KKKKVVLAEYVLV,AVP
239,KKKKLVAPFLVFF,AVP
240,CGQLASGFSRVLVVC,AVP
241,CRSLPTP,AVP
242,ADLERVAATYVDDA,AVP
243,KKKKLFLATLFFV,AVP
244,ADLEVVAATYVAADA,AVP
245,KKKKVVAAGTFLV,AVP
246,LDQTFVYLDGSAYTDPI,AVP
247,KKKKVVLFFLFFF,AVP
248,RIGKFRCTRGRGRVKIQ,AVP
250,KKKKVLAPTLVLV,AVP
251,NDQVFTCDCPPLVWSPV,AVP
252,RGGRNCHNVVRC,AVP
253,KKKKVVAITGFLV,AVP
256,KKKKVVAATYKKVF,AVP
257,DFSICGEGPGDVKFPGCRMVSN,AVP
258,GELGRPLYVLGDHGYYV,AVP
259,CGYKCCC,AVP
260,KKKKVVLATYALV,AVP
261,MASANADVVQPGYVEADPLGYV,AVP
262,GELGRLVYLLDGPGYDPIHCSV,AVP
263,AAQRRGRIGRNPNQVGD,AVP
264,KKKKVLAPFLFFV,AVP
265,KKKKVVAATTKAL,AVP
266,KKKKVVAETYVL,AVP
267,RTQRRRRRTTGRGRGR,AVP
268,GKRKSGRA,AVP
269,KKKKVVAKEYVL,AVP
270,RGGSQVCRESQHGNHCTA,AVP
271,KKKKVPAATYFLG,AVP
272,KKKKLVLAFYVLF,AVP
273,NKSVLGDGQNEIKELKCNVTDA,AVP
274,KRKQFPGGIYKPF,AVP
275,KKKKAVAATYVLL,AVP
276,NQSRD,AVP
277,YRGRYG,AVP
279,KKKKLLAATYVFV,AVP
280,VDLKYLPMSTGKKFQF,AVP
281,KKKKLVAPTYFFV,AVP
282,GFYCHCRWVVCSMYSPNGTCAC,AVP
283,RQCRRGPTCPPGGPKYRNPTCQ,AVP
284,AKLKVVAATYVEV,AVP
285,HCSLFTLQYG,AVP
286,KKKKLELPFYFFF,AVP
287,KKKKLVAPTLVFV,AVP
288,GELGRPVYVGGPPGGYALA,AVP
289,KKKKVVAFTTKKVA,AVP
290,DDSVVCAAMSYSFAA,AVP
292,KKKKVVAATYVAF,AVP
293,KKKKVVAFAYSAV,AVP
294,DVCMCGAI,AVP
295,RRGRC,AVP
296,LDLSGRMKGPG,AVP
297,KKKKVVATTYVKGA,AVP
298,KKKKLVLPTLVFF,AVP
299,NDRRSQLGVRGSIVG,AVP
300,NRRPQDVKFPGGGQIVGGL,AVP
301,VSLASNIDAL,AVP
302,GELDELVYLLDGPGYDPIHCSV,AVP
303,KKKKLLLPFYFLV,AVP
304,SCVKRLGRYALRRPKTP,AVP
305,ETKWEEWEKKIEEILKKIEELI,AVP
306,DDSVVCAAVSYSHA,AVP
307,KKKKVVAATYVKGA,AVP
308,QVGDVGYI,AVP
309,KKKKLPLPFYVLF,AVP
310,DVKFPGGGQIVGGVVL,AVP
311,LNPTNWWISLFKRPSDEFVR,AVP
313,GSLLYEIVRLVTCMEYP,AVP
314,YTCSVVAINAAVVVND,AVP
315,GVCRCCYRGGCVCTCRVGYFGV,AVP
316,DVKFPGGGQIVGGVY,AVP
317,GKRKVFA,AVP
318,HARLLSTNKAVVSLSNGVSVLT,AVP
319,CGYGPYGC,AVP
321,GELGRPVYVLGDPGYYATHYAT,AVP
322,KKKKAVAATYVAT,AVP
323,ADQEVCAATYAAAALAVAA,AVP
324,KKKKTLLPTLFFV,AVP
325,KKKKLVLPFLVFF,AVP
326,IINALANLIEEMKELQQRNESY,AVP
327,KKKKVPKATYVLV,AVP
328,PVLFPSHQYQVHG,AVP
329,INAKCVNAMMELEYLYQLDKVY,AVP
330,KKKKVVATGYVLF,AVP
331,ACAVATNVVKTVKRNVAAANKG,AVP
332,VMRISNIMRIK,AVP
333,KKKKLLLALLFLF,AVP
334,AKKRKRCRF,AVP
335,DNKFPGQGQIVGGVYL,AVP
336,RQRIKGRRGPCSGKNCVKE,AVP
