ID,Sequences,Prediction,Confidence
1,RRGRTGRNPNRVGD,Non toxic peptide,95.18%
2,KKKKVVAALYVLF,Toxic peptide,82.74%
3,MSTNPKPQRKTKRNTNDRPQDV,Non toxic peptide,97.60%
4,RSKRGGIGRNIKR,Non toxic peptide,97.98%
5,FRYGNQMCHMKHRKTNFTSFQR,Toxic peptide,87.41%
6,AAMRSY,Non toxic peptide,99.16%
7,NRRRQPRGDVA,Non toxic peptide,99.15%
8,KKKKVPAATYKKVA,Non toxic peptide,88.65%
9,RDISVNIYNSIKENQCN,Toxic peptide,56.20%
10,GYPEIQKAISNIKENKCNGTDA,Toxic peptide,57.72%
11,GELGRLVYLLDGPGYDPIHCDV,Toxic peptide,84.27%
12,RRGSLGIYRFPGGTNLTHCL,Non toxic peptide,94.15%
13,CYKRRC,Toxic peptide,80.61%
14,RRGRIGRYPCNVTG,Toxic peptide,76.93%
15,KKKKVVAATYKKVAA,Non toxic peptide,83.95%
16,ATRVTRGGIKIYF,Non toxic peptide,93.45%
17,KKKKVVAFAYVLF,Toxic peptide,84.24%
18,KKRKLAAPAVLGLA,Non toxic peptide,94.72%
19,RRGRVGRIGNPNQFGDI,Non toxic peptide,81.72%
20,HCSLFKDF,Non toxic peptide,93.64%
21,KKKKVVAATTKKVA,Non toxic peptide,95.01%
22,KKKKVVAKTYVLF,Non toxic peptide,86.79%
23,TQQPQRAHKGPWASQI,Non toxic peptide,95.15%
24,FKGRSHCT,Non toxic peptide,98.76%
25,KKKKLVLPFLYFF,Toxic peptide,89.21%
26,RTIKWNSQVKGGLYQ,Toxic peptide,84.05%
27,KKKKVLLALYVLV,Toxic peptide,82.88%
28,NQAGDVVGRVQYLLSCVYA,Toxic peptide,89.00%
29,WRGVLLRICRGIC,Non toxic peptide,99.21%
30,KKKKVVAAGTVLV,Non toxic peptide,96.89%
31,GLLDVPGGAVVNGGYATHGL,Non toxic peptide,53.14%
32,IQLEYLWKVPFDFWRGV,Non toxic peptide,90.78%
33,DDSVCCFAMSYSPDS,Toxic peptide,98.33%
34,KKKKVLLKFLFFV,Toxic peptide,92.80%
35,RTGRGRPGIYR,Toxic peptide,72.14%
36,DSKFKHLKGMIE,Non toxic peptide,96.27%
37,AKKKVVAATYALV,Non toxic peptide,81.75%
38,NQVKNGVQIVGGIVL,Non toxic peptide,95.10%
39,KKKKVVAATNVLG,Non toxic peptide,99.04%
40,NLCVRLGGIILSPVVLL,Non toxic peptide,95.53%
41,VRLGSISVIGVVCGKK,Non toxic peptide,98.20%
42,KKKKTVAATYVLG,Non toxic peptide,97.43%
43,GVPVCGYVNCGNTCNNPYCSCP,Non toxic peptide,92.21%
44,KKKKTTAATYVLV,Non toxic peptide,94.13%
45,KKKKVVFTTYKKVA,Non toxic peptide,92.57%
46,RNINQYGDFQGDMMYY,Toxic peptide,67.89%
47,GARRSSGR,Non toxic peptide,98.60%
48,DVKFPGGGQIVGGV,Toxic peptide,52.47%
49,ADLEVVAATYVDFD,Non toxic peptide,95.96%
50,ADLEVVAATYVLVK,Non toxic peptide,93.95%
51,RTGRGGRRGIYR,Non toxic peptide,93.13%
52,KKKKVVAATLVDG,Non toxic peptide,99.20%
53,WRGVLVGRVIAV,Non toxic peptide,98.99%
54,KKKKVVLPFLFVF,Toxic peptide,88.25%
55,DDSVVTAMSYSFA,Non toxic peptide,72.14%
56,KKKKVVKATTVLV,Non toxic peptide,94.55%
57,DDDEVVAATYVSDA,Non toxic peptide,86.10%
58,RTSRPQVCRGRTRIGQRVHFY,Non toxic peptide,86.23%
59,RRGRISLGV,Non toxic peptide,98.69%
60,GTCVRRGRCGTGVCRVCYITRC,Non toxic peptide,66.05%
61,KKKKVVLPFLKFF,Toxic peptide,88.66%
62,STQRRGRTGGKRGPGR,Non toxic peptide,95.74%
63,KDLKVVATTVVLV,Non toxic peptide,97.40%
64,NNRVKVKLGGDIGGIVGRLGSV,Non toxic peptide,88.29%
65,KKKKVVAATYAAV,Non toxic peptide,91.32%
66,RGGRTCRCRYSTCCTTRGNGCR,Toxic peptide,94.53%
67,GIADSLGNVAKELAPYVVDKVA,Non toxic peptide,96.42%
68,KKKKLVAATYVLT,Non toxic peptide,68.95%
69,KKKKLVAAFYFFF,Toxic peptide,82.43%
70,CYYTRTGC,Toxic peptide,95.22%
71,KKKKLLLPFLVAV,Toxic peptide,95.45%
72,RIGNIVRVGIWNPGALA,Non toxic peptide,88.22%
73,AAQRRTVRRGRIGRNPSQVGD,Non toxic peptide,98.96%
74,RGSIHGV,Non toxic peptide,99.06%
75,KKKKVPAAALVLV,Toxic peptide,78.87%
76,RNINKRGKQGAKHGGIVI,Toxic peptide,61.50%
77,KKKKAVAATYVDV,Non toxic peptide,98.34%
78,YKKKICCN,Toxic peptide,93.66%
79,GSLGYLVHAVYGDASHCVLTLA,Toxic peptide,93.12%
80,KKKKLLLPFLLFF,Toxic peptide,86.68%
81,CQDKTNIC,Non toxic peptide,95.66%
82,WMGRKHIDL,Non toxic peptide,99.97%
83,AAKRRGRIGRNPNQVGD,Non toxic peptide,96.02%
84,MSTNPKPQRKTKRNTNRRPQDV,Non toxic peptide,94.28%
85,RTQRKTCQDGQWPPGYGY,Non toxic peptide,87.22%
86,SKKRVLAGAA,Non toxic peptide,90.35%
87,ADLEVVAATHVDGD,Non toxic peptide,99.92%
88,KKKKLVAATLVLF,Non toxic peptide,70.82%
89,GRPVDFQVGIGN,Non toxic peptide,67.30%
90,KKKKLVLATYVLF,Non toxic peptide,71.25%
91,EAIIRIPQELRDIK,Non toxic peptide,99.34%
92,NDVSF,Non toxic peptide,99.34%
93,KKKKLVLPFLFFFA,Toxic peptide,94.01%
94,YKKKRSLGHLFNLVKFLASMAY,Non toxic peptide,52.62%
95,VALDPIDISIELNKAKSDLEES,Non toxic peptide,98.75%
96,KKKKLVLKTLVLV,Non toxic peptide,98.09%
97,HCSLTYTTTNILGD,Non toxic peptide,90.56%
98,KKKKVPAALYVLG,Non toxic peptide,82.11%
99,QDRAVKLDHLVYPRYM,Non toxic peptide,99.34%
100,KKKKLLLPFLFLVA,Toxic peptide,95.31%
101,SVSCIYACFLGAGCIEVGACYD,Toxic peptide,57.30%
102,GLPSCVFIVGRIPACTPHLLYN,Toxic peptide,57.05%
103,GKRKICC,Toxic peptide,98.27%
104,KKKKLVLATYVFV,Non toxic peptide,66.15%
105,DDSVVSAMMSYSYA,Toxic peptide,69.92%
106,RQRRRIWKRRKR,Non toxic peptide,96.55%
107,KKKKVVLFTYFLV,Non toxic peptide,86.46%
108,CGGRTKIC,Non toxic peptide,96.08%
109,KKKKVEAFTYVLV,Non toxic peptide,78.85%
110,ADLEVVSATYVKKKG,Non toxic peptide,98.17%
111,GICRCICGGICGRPCICGRIIG,Toxic peptide,79.15%
112,KKKKVVAATYKAVK,Non toxic peptide,84.71%
113,AELDRLVYLLDGPGYDPIHCDV,Toxic peptide,75.44%
114,LNRRDLDA,Non toxic peptide,97.33%
115,HCKYATNDALIFTV,Toxic peptide,86.26%
116,KKKKVVLATYKKKK,Toxic peptide,60.36%
117,KKKKLFLPFLFLF,Toxic peptide,87.03%
118,KKKKVLLPFYVFF,Toxic peptide,81.34%
119,KKKKVFAATYVLG,Non toxic peptide,92.14%
120,KKKKVVAATGKKVA,Non toxic peptide,89.27%
121,HAIASTNPAMLISV,Non toxic peptide,99.63%
122,KKKKPVAATYVLF,Non toxic peptide,96.16%
123,GRRYKRGRNKVQVVGD,Non toxic peptide,95.05%
124,GKRKSGVAA,Non toxic peptide,58.29%
125,CPKHKKC,Toxic peptide,94.72%
126,KKKKPVAAFYVLV,Non toxic peptide,81.24%
127,GGRLKS,Non toxic peptide,50.49%
128,DRSPRGGQHRIDA,Non toxic peptide,93.49%
129,KKKKVEAATTVAVA,Non toxic peptide,93.33%
130,YTMLVDLLVT,Non toxic peptide,95.96%
131,RTTKRRRRG,Non toxic peptide,94.00%
132,YRRKK,Non toxic peptide,74.66%
133,KKKKVFLATYFLF,Non toxic peptide,59.84%
134,KKKKVLAAFYVAV,Toxic peptide,77.85%
135,GELGRLVYLEDLGYPDVGGNGA,Non toxic peptide,99.66%
136,KKKKCVAAFYVLV,Toxic peptide,55.96%
137,CQSLTPGC,Toxic peptide,89.72%
138,RGIRIKGQAIKD,Non toxic peptide,96.68%
139,VEFDELIGWTADVALAELIKYQ,Non toxic peptide,92.34%
140,RTGRGRGIYR,Non toxic peptide,96.75%
141,KKKKVVATEYVLV,Non toxic peptide,84.09%
142,KRKAVALLKAVL,Non toxic peptide,70.99%
143,CGKRKC,Toxic peptide,70.88%
144,GSTRRGKTGGTNSSF,Non toxic peptide,99.68%
145,KKRKVAAPLLAF,Non toxic peptide,92.11%
146,ADLEVVAATRVDAD,Non toxic peptide,92.06%
147,KKKKVVLPFYVLF,Toxic peptide,76.54%
148,KKKKVATTYVLV,Non toxic peptide,93.86%
149,KKKKVVAEEEVKF,Toxic peptide,89.88%
150,AKLKVVAATYVFVK,Non toxic peptide,87.46%
151,TDVILACSAIDSPDSLENI,Non toxic peptide,96.17%
152,KKKKVVAAFKVLV,Toxic peptide,91.40%
153,MSTNPKPQRKTKRNTERRPQDV,Non toxic peptide,96.70%
154,GELDELVELLSGPQYLMYFDFT,Non toxic peptide,99.12%
155,GELGRLVYLLDGPGHDPIHCSV,Non toxic peptide,95.33%
156,KKKKVVAATYKLG,Non toxic peptide,89.38%
157,CFGKRKSC,Toxic peptide,94.11%
158,ACFCRRGYCRGICQRNYRCCVR,Non toxic peptide,73.53%
159,KKKKVVLAFYFLF,Toxic peptide,73.62%
160,ANLSVQVKININQILGFNKS,Non toxic peptide,72.17%
161,RTGRPGRQKVQD,Non toxic peptide,53.59%
162,NDVSFHEEIGMKKFGYKGELDE,Non toxic peptide,89.23%
163,STTCATRTGGTCRTCTRGTCYS,Toxic peptide,64.80%
164,RGGRTKRCTRNRPGVIGR,Non toxic peptide,97.60%
165,ADLEVVAATYAKKK,Non toxic peptide,78.70%
166,RTGRGRGHRIYRI,Non toxic peptide,94.75%
167,KKKKLVAETYVLV,Non toxic peptide,84.06%
168,RRKKAAVALLKAVALALLAP,Non toxic peptide,97.11%
169,RRGRWGRGIYR,Non toxic peptide,98.16%
170,AGDPPCGVSCPNTPCLAAGCSC,Non toxic peptide,66.08%
171,CRYQSSCC,Toxic peptide,98.56%
172,EMTWEEWEKKIEEYTKKIEEIL,Non toxic peptide,97.13%
173,TKKKR,Non toxic peptide,87.74%
174,YKGATLDV,Non toxic peptide,99.35%
175,KKKKVFLAFYVLV,Toxic peptide,78.90%
176,AFDLEYEMKKLEEAIKKLEESY,Toxic peptide,80.46%
177,VDMRYIDASVYGIDD,Non toxic peptide,98.18%
178,RIGRWGRNPSQVGD,Toxic peptide,83.59%
179,KKKKLLAATLFFF,Non toxic peptide,87.00%
180,KKKKVVAAFYVLG,Non toxic peptide,82.75%
181,KKKKVVAGTYVLF,Non toxic peptide,95.34%
182,NTQSVVNIQKEIDRLNEVAKNL,Non toxic peptide,94.27%
183,LGRPSQVGN,Non toxic peptide,74.55%
184,KKKKVFLKTYVFV,Non toxic peptide,92.75%
185,NHITWNTTLNNSVAIDRLNEVA,Non toxic peptide,96.33%
186,TSFIALLIYVARLAVNPSVVGN,Non toxic peptide,58.86%
187,KKKKVVAATAVLG,Non toxic peptide,97.87%
188,KKKKVVAAT,Non toxic peptide,90.37%
189,KKKKVVLPFLVFF,Toxic peptide,88.71%
190,GGRRKSMY,Non toxic peptide,80.78%
191,RGIYRMKKG,Non toxic peptide,93.46%
192,KKKKLVLPFLFLF,Toxic peptide,89.83%
193,RGLGRLCRCLCERCQG,Non toxic peptide,99.69%
194,CGKRKY,Toxic peptide,90.59%
195,RRGR,Non toxic peptide,86.70%
196,KKKKVPAATYAFEL,Non toxic peptide,80.91%
197,KKKKLLAFFLFFF,Toxic peptide,81.81%
198,ADLEVVAATYAAKAA,Non toxic peptide,91.07%
199,RGILSCAGCA,Non toxic peptide,99.71%
200,ADLEVVAATYAL,Non toxic peptide,80.13%
201,EACDVITNDAAVSVVTV,Non toxic peptide,99.33%
202,KKKKVVTPTYKKKK,Non toxic peptide,98.92%
203,KKKKVVAFFYVLV,Toxic peptide,78.41%
204,KKKKVVAGFEVLV,Toxic peptide,76.88%
205,RRTKKVLLALLA,Non toxic peptide,78.53%
206,NEQRRDVNQAEDGVYCSIALYL,Toxic peptide,94.99%
207,GKRKSGAYA,Toxic peptide,77.05%
208,AAQRRGR,Non toxic peptide,98.60%
209,KIPACSTKTLNTCSTLTYACMN,Toxic peptide,53.35%
210,CGGKGLC,Non toxic peptide,99.95%
211,CKFKLG,Non toxic peptide,78.66%
212,KKKKLVLAFYFFF,Toxic peptide,78.67%
213,KRRR,Non toxic peptide,95.98%
214,KKKKVLLATYFLV,Non toxic peptide,54.49%
215,KKKKVVKATYVLG,Non toxic peptide,94.76%
216,HCIYATTNDALSFSNV,Toxic peptide,62.32%
217,SVCGRCVCRRGGCGVCGVCVGV,Non toxic peptide,99.70%
218,DDDEVVAATYVLVD,Non toxic peptide,89.70%
219,GELGRPVYIMGRIPSV,Non toxic peptide,98.40%
220,WKKKISAAISKFVKAIKQL,Toxic peptide,73.50%
221,HCSLLAYGDCNATVFIVG,Toxic peptide,92.64%
222,KKKKVLAFFYVLV,Toxic peptide,80.22%
223,KKKKPVAALYVLV,Non toxic peptide,64.36%
224,KKKKFVLATYFLV,Toxic peptide,57.02%
225,KKKKLVLPFLLVF,Toxic peptide,91.32%
226,GLPVCVGGGVNRCYPTVPGCTC,Non toxic peptide,99.71%
227,GTKYVSALNQSYGILGYL,Non toxic peptide,50.46%
228,EAKCLGTNAAKADPLF,Non toxic peptide,99.83%
229,KKKKVVAANYVLFA,Toxic peptide,68.62%
230,VERGKYGGDPIVGR,Non toxic peptide,98.17%
231,KKKKLLLPFLFVF,Toxic peptide,91.26%
232,KKKKLLLP,Toxic peptide,88.79%
233,TCAWAKK,Non toxic peptide,96.11%
234,GELGRPVYVLGDPGYYATHVLT,Toxic peptide,68.89%
235,KKKKLLLPFLLVF,Toxic peptide,91.73%
236,KKKKVTLATYVLV,Non toxic peptide,92.39%
237,DEMEECAYYTAHDC,Non toxic peptide,59.53%
238,YARHVQLVD,Non toxic peptide,81.80%
239,KKKKVVLAEYVLV,Toxic peptide,77.47%
240,KKKKLVAPFLVFF,Toxic peptide,93.21%
241,CGQLASGFSRVLVVC,Non toxic peptide,99.32%
242,CRSLPTP,Non toxic peptide,70.63%
243,ADLERVAATYVDDA,Toxic peptide,61.27%
244,KKKKLFLATLFFV,Non toxic peptide,55.03%
245,ADLEVVAATYVAADA,Non toxic peptide,86.29%
246,KKKKVVAAGTFLV,Non toxic peptide,95.04%
247,LDQTFVYLDGSAYTDPI,Non toxic peptide,99.39%
248,KKKKVVLFFLFFF,Toxic peptide,83.03%
249,RIGKFRCTRGRGRVKIQ,Toxic peptide,82.89%
250,LGQLDSIGALNVAGK,Non toxic peptide,99.74%
251,KKKKVLAPTLVLV,Non toxic peptide,99.37%
252,NDQVFTCDCPPLVWSPV,Non toxic peptide,91.05%
253,RGGRNCHNVVRC,Toxic peptide,71.32%
254,KKKKVVAITGFLV,Non toxic peptide,97.62%
255,RVRKIGSNIVYLVTGLLHLVHG,Toxic peptide,52.41%
256,LGSTAVISTQRRSGGYVKVGA,Non toxic peptide,99.37%
257,KKKKVVAATYKKVF,Non toxic peptide,83.70%
258,DFSICGEGPGDVKFPGCRMVSN,Toxic peptide,76.13%
259,GELGRPLYVLGDHGYYV,Non toxic peptide,53.65%
260,CGYKCCC,Toxic peptide,99.40%
261,KKKKVVLATYALV,Non toxic peptide,81.52%
262,MASANADVVQPGYVEADPLGYV,Non toxic peptide,99.97%
263,GELGRLVYLLDGPGYDPIHCSV,Non toxic peptide,68.10%
264,AAQRRGRIGRNPNQVGD,Non toxic peptide,99.60%
265,KKKKVLAPFLFFV,Toxic peptide,91.43%
266,KKKKVVAATTKAL,Non toxic peptide,91.83%
267,KKKKVVAETYVL,Non toxic peptide,88.67%
268,RTQRRRRRTTGRGRGR,Non toxic peptide,99.53%
269,GKRKSGRA,Toxic peptide,59.96%
270,KKKKVVAKEYVL,Toxic peptide,87.14%
271,RGGSQVCRESQHGNHCTA,Non toxic peptide,74.57%
272,KKKKVPAATYFLG,Non toxic peptide,97.20%
273,KKKKLVLAFYVLF,Toxic peptide,77.71%
274,NKSVLGDGQNEIKELKCNVTDA,Non toxic peptide,69.35%
275,KRKQFPGGIYKPF,Non toxic peptide,85.58%
276,KKKKAVAATYVLL,Non toxic peptide,89.39%
277,NQSRD,Non toxic peptide,99.36%
278,YRGRYG,Non toxic peptide,84.69%
279,DTYAMLKLASGIA,Toxic peptide,81.22%
280,KKKKLLAATYVFV,Non toxic peptide,54.91%
281,VDLKYLPMSTGKKFQF,Toxic peptide,90.22%
282,KKKKLVAPTYFFV,Non toxic peptide,91.86%
283,GFYCHCRWVVCSMYSPNGTCAC,Toxic peptide,96.65%
284,RQCRRGPTCPPGGPKYRNPTCQ,Non toxic peptide,96.22%
285,AKLKVVAATYVEV,Non toxic peptide,66.38%
286,HCSLFTLQYG,Non toxic peptide,97.40%
287,KKKKLELPFYFFF,Toxic peptide,80.98%
288,KKKKLVAPTLVFV,Non toxic peptide,98.71%
289,GELGRPVYVGGPPGGYALA,Non toxic peptide,99.74%
290,KKKKVVAFTTKKVA,Non toxic peptide,94.31%
291,DDSVVCAAMSYSFAA,Non toxic peptide,75.43%
292,FKKYRSR,Toxic peptide,80.69%
293,KKKKVVAATYVAF,Non toxic peptide,92.38%
294,KKKKVVAFAYSAV,Toxic peptide,84.79%
295,DVCMCGAI,Toxic peptide,94.84%
296,RRGRC,Non toxic peptide,96.37%
297,LDLSGRMKGPG,Non toxic peptide,97.29%
298,KKKKVVATTYVKGA,Non toxic peptide,97.83%
299,KKKKLVLPTLVFF,Non toxic peptide,98.90%
300,NDRRSQLGVRGSIVG,Non toxic peptide,82.09%
301,NRRPQDVKFPGGGQIVGGL,Toxic peptide,72.98%
302,VSLASNIDAL,Non toxic peptide,99.87%
303,GELDELVYLLDGPGYDPIHCSV,Non toxic peptide,76.91%
304,KKKKLLLPFYFLV,Toxic peptide,88.13%
305,SCVKRLGRYALRRPKTP,Non toxic peptide,87.50%
306,ETKWEEWEKKIEEILKKIEELI,Non toxic peptide,86.73%
307,DDSVVCAAVSYSHA,Toxic peptide,52.89%
308,KKKKVVAATYVKGA,Non toxic peptide,95.63%
309,QVGDVGYI,Non toxic peptide,97.23%
310,KKKKLPLPFYVLF,Toxic peptide,69.16%
311,DVKFPGGGQIVGGVVL,Non toxic peptide,71.24%
312,LNPTNWWISLFKRPSDEFVR,Non toxic peptide,98.75%
313,TAYFLAKLAGR,Non toxic peptide,50.59%
314,GSLLYEIVRLVTCMEYP,Toxic peptide,91.37%
315,YTCSVVAINAAVVVND,Non toxic peptide,99.32%
316,GVCRCCYRGGCVCTCRVGYFGV,Toxic peptide,95.88%
317,DVKFPGGGQIVGGVY,Toxic peptide,88.49%
318,GKRKVFA,Toxic peptide,85.33%
319,HARLLSTNKAVVSLSNGVSVLT,Non toxic peptide,98.62%
320,CGYGPYGC,Toxic peptide,92.75%
321,GFCF,Non toxic peptide,93.71%
322,GELGRPVYVLGDPGYYATHYAT,Toxic peptide,78.88%
323,KKKKAVAATYVAT,Non toxic peptide,93.82%
324,ADQEVCAATYAAAALAVAA,Non toxic peptide,90.73%
325,KKKKTLLPTLFFV,Non toxic peptide,99.03%
326,KKKKLVLPFLVFF,Toxic peptide,91.14%
327,IINALANLIEEMKELQQRNESY,Toxic peptide,95.63%
328,KKKKVPKATYVLV,Non toxic peptide,90.94%
329,PVLFPSHQYQVHG,Non toxic peptide,98.85%
330,INAKCVNAMMELEYLYQLDKVY,Toxic peptide,89.62%
331,KKKKVVATGYVLF,Non toxic peptide,90.18%
332,ACAVATNVVKTVKRNVAAANKG,Non toxic peptide,99.11%
333,VMRISNIMRIK,Non toxic peptide,99.96%
334,KKKKLLLALLFLF,Toxic peptide,82.38%
335,AKKRKRCRF,Non toxic peptide,97.34%
336,DNKFPGQGQIVGGVYL,Toxic peptide,93.15%
337,RQRIKGRRGPCSGKNCVKE,Non toxic peptide,63.95%
